{"sidebar-1":{"social_links-widget-2":{"title":"Social Links","fb_link":"http:\/\/facebook.com\/","twitter_link":"http:\/\/twitter.com","google_link":"http:\/\/plus.google.com","linkedin_link":"http:\/\/linkedin.com","tumblr_link":"http:\/\/tumblr.com","flickr_link":"http:\/\/flickr.com","youtube_link":"http:\/\/youtube.com","dribbble_link":"http:\/\/dribbble.com","behance_link":"http:\/\/behance.com","vimeo_link":"http:\/\/vimeo.com","soundcloud_link":"http:\/\/soundcloud.com","pinterest_link":"http:\/\/pinterest.com","instagram_link":"http:\/\/instagram.com","stumbleupon_link":"http:\/\/stumbleupon.com"},"tz_blog_widget-2":{"title":"Latest Posts","number":"4"},"tag_cloud-2":{"title":"Tags","taxonomy":"post_tag"},"flickr-widget-3":{"title":"My Photostream","screen_name":"34356356@N07","number":"10"}},"sidebar-3":{"text-3":{"title":"Howdy, this is Creativo","text":"We just added a brand new Off Canvas Sidebar. You can change the content you see here by going to Appearance -> Widgets -> Off Canvas Sidebar.\r\n\r\nOf course you can also change the design of this sidebar by going to Appearance -> Theme Options -> Off Canvas Sidebar.\r\n\r\nChange everything from: background color, font color, font size, sidebar headings and more.","filter":true},"social_links-widget-4":{"title":"Social Links","fb_link":"#","twitter_link":"#","google_link":"#","linkedin_link":"#","tumblr_link":"#","flickr_link":"#","youtube_link":"#","dribbble_link":"#","behance_link":"#","vimeo_link":"#","soundcloud_link":"#","pinterest_link":"#","instagram_link":"#","stumbleupon_link":"#"},"tz_blog_widget-4":{"title":"Recent Posts","number":"4"}},"woocommerce-sidebar":{"woocommerce_price_filter-2":{"title":"Filter by price"},"woocommerce_widget_cart-2":{"title":"Cart","hide_if_empty":0},"woocommerce_recently_viewed_products-2":{"title":"Recently Viewed Products","number":"10"},"woocommerce_top_rated_products-2":{"title":"Top Rated Products","number":"5"},"woocommerce_product_categories-2":{"title":"Product Categories","orderby":"name","dropdown":0,"count":0,"hierarchical":"1","show_children_only":0}},"sidebar-2":{"text-2":{"title":"What we do","text":"We are RockyThemes and we create RockSolid WordPress Themes.\r\n\r\nCreativo is a Multi Purpose Ultra Responsive WordPress theme. Did we mention it's the best selling theme on Mojomarketplace?\r\n\r\nMore than 9600 clients are using Creativo on their business.\r\n","filter":true},"contact_info-widget-2":{"title":"Contact Info","address":"1600 Amphitheatre Parkway, Mountain View","phone":"+1 650-253-0000","fax":"+1 650-253-0001","email":"hello@yoursite.com","web":"http:\/\/rockythemes.com"},"tweets-widget-2":{"title":"Recent Tweets","consumer_key":"0yekNDDDNTv0hUiotTYzBf1OS","consumer_secret":"4odZNnOBKn7fychuH5ScRPnaOrmoap1El8yW1617Ykn3jI0AaL","access_token":"1220874186-midyn8L12wMWdfA88fgVSatTIhehRresnOT0Qk2","access_token_secret":"OE9WDbcyezB0Vm6eg7DD2194Trfec5EdSW0ox4vwKjoLp","twitter_id":"rockythemes","count":"2"}},"sidebar-visualelements":{"social_links-widget-3":{"title":"Social Links","fb_link":"#","twitter_link":"#","google_link":"#","linkedin_link":"#","tumblr_link":"#","flickr_link":"#","youtube_link":"#","dribbble_link":"#","behance_link":"#","vimeo_link":"#","soundcloud_link":"#","pinterest_link":"#","instagram_link":"#","stumbleupon_link":"#"},"nav_menu-2":{"title":"Visual Elements","nav_menu":98},"tz_recent_portfolios_widget-2":{"title":"Recent Work","desc":"","number":"4"}},"sidebar-mega1":{"tz_blog_widget-3":{"title":"Latest Posts","number":"3"}},"sidebar-mega2":{"contact_info-widget-3":{"title":"Contact Info","address":"1600 Amphitheatre Parkway, Mountain View","phone":"+1 650-253-0000","fax":"+1 650-253-0001","email":"hello@yoursite.com","web":"http:\/\/rockythemes.com"}},"sidebar-mega3":{"vimeo_widget-3":{"title":"Cool Videos","desc":"","id":"51378164"}}}